Area,Rooms,BuildingAge,DistanceToCenter,Floor,Elevator,Parking
139,5,10,5.4,2,0,1
114,2,32,1.3,7,1,1
145,3,23,0.6,6,1,0
180,5,22,7.7,2,0,0
110,5,14,0.7,8,1,1
110,4,26,7.7,11,1,1
183,1,10,2.7,1,0,0
150,2,16,2.1,2,0,0
101,1,13,9.3,1,0,1
141,2,26,3.7,12,1,1
101,2,17,3.4,0,0,1
101,1,27,3.3,3,0,1
129,5,3,1.9,4,1,1
43,2,6,6.2,12,1,0
51,1,34,1.2,5,1,1
97,2,8,11.2,4,1,0
79,3,7,9.0,0,0,1
132,5,16,1.6,2,0,0
83,4,16,5.2,0,0,0
63,2,32,3.4,10,1,1
178,3,31,1.6,4,1,1
110,4,7,17.9,4,1,1
122,4,18,0.1,11,1,0
63,2,2,1.2,10,1,0
98,1,4,2.9,12,1,1
124,2,12,3.0,5,1,1
73,3,30,3.6,7,1,1
135,4,15,5.6,9,1,0
95,2,31,3.9,11,1,1
108,1,21,3.7,0,0,1
95,2,28,0.2,3,0,1
194,5,21,1.9,9,1,1
119,1,2,1.1,10,1,0
77,3,9,1.2,0,0,1
152,4,20,3.2,8,1,0
71,2,15,0.9,10,1,1
128,1,11,1.4,6,1,1
41,5,1,1.1,6,1,0
66,1,23,11.9,11,1,0
127,5,34,11.6,4,1,0
149,3,29,3.8,6,1,1
126,4,29,10.3,11,1,1
115,3,34,6.2,14,1,0
107,2,18,3.6,1,0,1
60,1,7,0.0,13,1,1
91,5,25,5.9,12,1,0
101,5,6,4.8,3,0,0
162,1,29,3.8,13,1,0
133,1,6,5.7,13,1,0
49,2,2,2.9,6,1,0
132,3,0,4.9,2,0,1
104,5,24,10.9,1,0,1
92,2,0,1.9,9,1,1
144,3,14,4.9,1,0,1
161,2,12,2.6,12,1,1
157,5,7,4.5,0,0,1
86,1,4,5.8,4,1,1
107,1,8,0.2,11,1,1
133,3,0,4.2,5,1,1
159,4,34,1.0,5,1,1
100,3,1,4.4,8,1,1
112,4,22,2.5,3,0,0
75,2,8,5.9,0,0,1
72,2,33,0.5,5,1,1
152,5,13,3.9,14,1,0
174,4,3,1.3,4,1,1
117,5,29,7.7,9,1,1
160,1,30,10.5,5,1,1
134,4,10,22.5,2,0,1
94,3,34,6.4,1,0,0
134,1,7,5.6,5,1,1
181,1,2,1.0,12,1,0
118,3,13,1.6,0,0,1
182,1,12,2.5,6,1,1
40,4,31,5.9,6,1,1
152,5,33,9.9,9,1,1
123,1,18,0.8,12,1,1
108,4,15,10.2,6,1,1
123,2,1,4.8,14,1,1
40,4,16,3.8,11,1,0
111,5,33,0.9,10,1,1
134,4,15,0.2,9,1,0
179,3,1,3.4,0,0,0
99,5,1,4.2,14,1,1
87,2,25,0.9,3,0,1
99,3,12,3.3,12,1,1
156,4,30,7.8,6,1,0
133,5,33,7.2,10,1,1
98,2,2,10.5,8,1,0
140,3,7,1.8,4,1,1
123,2,22,1.5,12,1,0
158,4,13,5.5,1,0,1
91,2,26,2.3,6,1,0
106,1,28,0.4,9,1,1
104,3,0,1.3,0,0,1
61,2,16,2.2,6,1,1
131,4,29,1.4,5,1,1
130,4,12,1.6,6,1,0
120,2,20,1.4,13,1,1
110,4,18,0.2,12,1,1
63,5,18,4.1,9,1,1
103,5,24,3.6,2,0,1
106,5,21,4.2,14,1,1
87,1,30,0.9,2,0,0
113,2,16,1.4,6,1,1
136,1,22,3.9,12,1,0
195,4,31,3.7,1,0,1
126,1,9,2.8,0,0,1
130,4,9,1.7,8,1,0
117,4,7,9.8,8,1,0
43,3,19,1.7,6,1,1
118,5,31,2.4,6,1,0
122,4,13,4.5,2,0,1
218,3,27,3.1,9,1,1
112,5,23,1.7,14,1,0
132,4,14,2.3,1,0,1
118,4,21,6.3,10,1,1
73,1,29,1.3,6,1,0
165,1,3,0.6,8,1,0
150,5,12,1.5,0,0,1
151,4,22,7.6,12,1,1
83,2,7,0.4,13,1,1
176,1,17,19.2,3,0,0
63,5,11,3.1,5,1,0
143,4,30,16.8,6,1,1
207,4,13,11.2,9,1,1
80,2,33,2.4,6,1,1
97,5,17,0.9,9,1,0
123,4,33,0.7,1,0,0
99,1,10,1.1,13,1,0
57,2,11,5.0,3,0,0
122,5,14,1.3,4,1,1
77,2,30,1.7,13,1,1
138,1,28,2.4,11,1,1
83,5,25,9.8,0,0,1
181,2,17,0.8,0,0,1
88,3,31,0.0,9,1,1
107,1,21,0.2,2,0,0
152,1,16,9.4,14,1,0
70,1,22,4.2,14,1,1
129,3,23,1.3,9,1,1
172,3,7,0.8,2,0,1
55,4,5,1.4,11,1,0
127,2,4,0.5,7,1,0
130,4,28,11.4,8,1,1
151,2,27,6.1,14,1,1
70,3,10,2.5,13,1,1
67,3,0,8.0,10,1,1
140,4,18,1.1,11,1,1
131,5,8,5.1,0,0,0
130,4,26,7.8,13,1,0
133,2,33,1.8,10,1,1
92,4,3,5.7,1,0,0
129,1,17,1.4,9,1,0
131,2,14,1.4,1,0,1
91,2,12,0.5,14,1,1
194,5,18,2.3,3,0,0
138,3,5,5.2,1,0,1
72,2,11,11.3,6,1,0
146,3,16,3.7,12,1,0
81,4,22,8.0,14,1,0
151,1,25,6.9,8,1,0
166,5,28,0.8,6,1,0
87,3,32,2.7,11,1,0
158,2,26,0.5,5,1,1
136,3,24,4.6,14,1,1
152,2,9,12.0,9,1,1
195,3,22,0.6,0,0,0
110,2,20,5.3,10,1,1
89,4,20,4.0,9,1,1
84,2,12,3.5,8,1,1
87,2,32,2.0,4,1,0
116,1,23,1.8,10,1,0
133,2,10,0.2,4,1,0
131,1,16,1.0,5,1,1
153,5,3,0.1,8,1,0
120,1,24,3.5,12,1,0
178,4,29,0.4,7,1,1
109,1,8,8.3,7,1,1
228,5,20,3.0,13,1,1
145,4,19,4.8,7,1,0
85,3,18,2.1,0,0,1
77,3,18,3.3,0,0,1
139,1,11,11.4,7,1,0
111,1,16,0.3,4,1,1
148,5,27,1.2,8,1,1
138,5,34,6.1,1,0,0
117,2,17,0.4,8,1,1
86,5,13,0.3,11,1,0
59,2,34,1.8,13,1,1
102,4,6,0.4,7,1,0
154,1,12,3.5,8,1,0
128,4,17,1.0,3,0,1
70,5,12,9.0,0,0,1
126,4,30,6.1,0,0,0
135,4,1,4.8,4,1,0
84,4,15,3.8,1,0,0
126,5,8,8.0,13,1,0
122,4,8,1.0,7,1,1
74,2,10,8.3,9,1,1
134,5,21,6.2,10,1,0
142,4,32,5.5,4,1,1
163,5,22,3.3,4,1,1
162,3,33,1.1,1,0,1
64,2,8,2.2,6,1,1
82,4,23,6.3,12,1,1
140,3,7,0.1,7,1,0
140,3,6,6.1,9,1,1
140,5,17,1.1,12,1,1
274,3,2,0.6,0,0,0
142,2,27,0.5,1,0,0
165,2,5,0.1,9,1,1
158,1,20,3.0,3,0,1
146,2,27,1.0,4,1,0
107,3,0,18.2,12,1,0
150,2,20,3.4,1,0,0
89,5,34,0.6,0,0,0
110,1,12,4.7,8,1,0
100,3,9,9.1,13,1,1
123,1,9,5.5,0,0,0
212,3,12,0.3,12,1,1
45,5,23,9.0,14,1,0
147,1,1,6.3,3,0,0
55,4,21,0.7,1,0,1
101,3,16,0.2,10,1,1
163,4,13,3.3,3,0,1
122,1,9,0.7,7,1,1
76,4,34,7.2,7,1,0
91,4,24,1.8,14,1,1
147,1,2,9.8,10,1,0
90,5,16,3.3,11,1,1
128,4,11,0.8,8,1,0
121,4,23,0.6,12,1,0
93,5,28,3.4,14,1,0
205,4,24,5.7,10,1,1
145,4,25,6.1,14,1,0
40,4,0,1.3,11,1,1
127,2,19,0.9,4,1,1
93,5,27,0.1,6,1,1
154,4,15,4.5,2,0,1
88,5,16,0.3,9,1,0
115,3,27,2.2,3,0,1
140,3,11,3.7,9,1,0
154,4,26,11.1,8,1,0
71,5,29,1.5,9,1,1
106,5,33,1.1,9,1,0
101,5,5,4.2,13,1,1
93,2,6,3.9,11,1,1
190,3,31,1.6,0,0,1
136,5,31,10.5,1,0,0
69,5,24,7.5,4,1,0
156,2,32,1.0,2,0,1
204,2,6,1.1,1,0,1
161,5,11,2.9,0,0,0
59,1,15,5.9,9,1,1
100,5,15,0.2,2,0,0
170,5,12,4.7,0,0,1
91,2,6,4.2,11,1,1
137,2,8,1.1,0,0,0
150,5,31,4.6,11,1,1
82,5,10,11.3,0,0,0
117,5,7,0.2,7,1,0
40,2,32,1.5,14,1,1
79,5,22,2.3,2,0,1
109,5,24,9.2,10,1,0
70,4,7,13.1,0,0,0
185,1,21,2.3,6,1,1
62,3,3,5.5,9,1,0
102,1,2,3.0,2,0,1
125,4,28,3.1,7,1,1
177,3,28,1.3,3,0,0
62,5,33,1.0,3,0,1
166,4,33,1.4,4,1,0
120,5,27,3.3,5,1,1
80,2,12,0.1,6,1,0
138,4,14,9.5,13,1,1
127,2,22,0.7,13,1,1
95,4,25,1.0,3,0,0
122,4,3,2.9,7,1,1
104,2,25,5.0,12,1,1
124,3,8,0.4,5,1,1
146,1,4,1.5,13,1,1
183,5,31,13.9,0,0,0
70,4,19,1.2,0,0,1
205,5,10,1.5,8,1,1
41,2,14,7.2,9,1,1
113,5,31,0.2,5,1,1
143,2,27,2.5,9,1,1
131,5,21,1.9,7,1,1
95,1,16,1.5,12,1,1
111,1,25,1.3,6,1,0
100,1,6,0.4,11,1,0
96,1,25,1.5,5,1,1
153,1,24,0.2,3,0,1
134,1,9,6.1,6,1,1
92,2,18,2.0,8,1,1
155,4,10,2.3,13,1,1
132,5,12,9.0,10,1,1
152,1,7,4.3,9,1,1
145,2,3,0.0,9,1,1
86,2,30,11.5,13,1,1
97,2,27,1.1,6,1,1
149,4,10,0.5,0,0,1
144,5,0,5.8,9,1,1
119,4,23,2.8,8,1,1
124,3,30,2.3,12,1,1
171,2,25,1.1,3,0,1
96,3,4,3.2,14,1,1
141,1,19,1.3,2,0,1
111,1,10,9.3,3,0,1
111,4,32,1.0,3,0,1
163,5,26,8.6,12,1,1
153,3,33,3.3,9,1,0
152,5,14,7.1,10,1,1
172,4,31,5.0,1,0,1
120,1,20,4.8,13,1,0
147,5,4,1.6,11,1,1
107,5,5,1.1,13,1,1
132,1,21,0.9,0,0,0
114,3,17,7.8,11,1,0
123,1,13,6.9,9,1,1
143,5,9,2.3,11,1,1
87,3,12,0.6,0,0,1
203,3,30,1.9,12,1,1
79,1,29,3.9,13,1,1
71,5,2,2.4,7,1,1
166,4,29,6.1,13,1,1
151,5,5,24.2,1,0,0
144,2,28,0.8,11,1,0
145,4,7,2.5,9,1,1
119,3,32,2.3,4,1,0
84,4,16,1.5,11,1,1
123,3,10,0.9,3,0,0
92,3,12,0.3,7,1,1
159,4,10,8.7,1,0,1
114,3,30,2.2,9,1,1
86,3,27,2.7,8,1,1
107,2,5,10.0,6,1,1
136,5,15,6.0,14,1,0
97,5,3,0.6,12,1,0
87,2,34,3.3,6,1,1
129,4,25,2.3,0,0,1
129,1,11,6.4,13,1,1
99,1,10,5.2,11,1,0
101,1,24,4.7,1,0,0
129,2,17,1.7,3,0,0
62,2,18,6.5,3,0,0
63,3,22,0.2,10,1,1
91,1,17,0.7,13,1,1
111,4,25,1.6,2,0,1
132,4,5,0.3,6,1,0
179,1,3,1.1,11,1,1
154,1,28,7.1,7,1,1
113,1,33,11.8,1,0,0
119,2,16,1.5,3,0,1
79,2,15,1.2,13,1,1
119,2,1,1.3,2,0,0
108,5,33,1.3,1,0,1
132,4,7,0.1,11,1,1
86,4,12,10.5,12,1,0
140,3,7,1.0,13,1,0
181,2,29,2.2,5,1,0
115,5,31,0.0,12,1,1
136,5,29,7.8,3,0,1
147,4,0,5.3,5,1,0
103,2,16,11.7,1,0,1
128,3,19,6.1,11,1,1
120,2,23,1.5,3,0,0
123,1,21,1.1,10,1,1
89,2,28,4.8,5,1,1
120,1,21,1.8,13,1,1
139,1,8,3.3,4,1,1
178,3,9,0.0,2,0,1
158,4,27,0.3,7,1,1
206,2,27,3.1,6,1,0
89,1,20,3.3,2,0,0
154,2,23,5.6,5,1,1
127,4,1,0.6,3,0,1
207,4,7,2.9,10,1,1
87,5,26,0.9,4,1,1
86,4,21,0.4,10,1,0
96,3,26,2.1,4,1,0
40,1,28,0.7,6,1,0
98,5,2,1.0,10,1,1
89,3,12,1.5,4,1,1
126,2,9,1.2,10,1,1
133,1,8,0.4,14,1,1
195,4,26,0.4,2,0,0
158,1,33,0.9,9,1,0
96,2,0,0.2,4,1,1
84,5,31,3.9,6,1,0
139,5,24,1.4,4,1,1
67,5,28,1.3,4,1,1
193,4,6,1.6,8,1,1
167,3,2,4.3,14,1,1
101,3,19,8.2,2,0,1
51,1,19,5.7,12,1,0
174,4,29,5.2,5,1,0
115,5,34,2.6,0,0,1
169,5,34,4.7,9,1,1
56,2,26,3.2,4,1,0
96,2,25,1.0,7,1,0
120,5,13,0.9,4,1,0
121,5,16,1.4,8,1,1
101,4,17,9.7,10,1,0
144,3,28,3.2,5,1,1
77,2,19,5.3,7,1,0
114,3,26,1.7,9,1,1
124,4,17,2.1,7,1,0
140,5,3,0.5,12,1,1
148,3,0,0.8,2,0,1
75,5,0,7.0,6,1,1
58,5,25,3.5,13,1,1
171,1,19,1.6,6,1,0
133,3,22,6.5,13,1,0
90,3,9,1.1,9,1,0
182,5,10,14.9,11,1,1
124,4,4,1.7,5,1,0
167,1,0,1.6,11,1,0
122,5,16,1.5,6,1,1
202,2,21,0.5,13,1,1
190,2,33,0.5,1,0,0
110,1,28,4.2,8,1,0
158,4,3,8.3,9,1,0
145,5,4,6.3,9,1,1
174,3,10,0.6,0,0,1
81,1,20,3.2,0,0,1
147,4,34,0.4,2,0,0
162,3,11,0.2,13,1,0
49,2,25,4.3,14,1,1
72,2,18,3.1,2,0,0
40,3,6,0.3,0,0,1
109,1,6,0.1,11,1,0
148,2,25,18.3,6,1,1
180,5,4,0.1,3,0,1
122,3,20,2.4,9,1,1
185,3,13,2.8,12,1,1
64,2,3,0.5,1,0,1
51,1,22,0.7,9,1,1
117,5,19,1.7,4,1,1
135,1,14,5.7,5,1,0
118,4,28,2.8,8,1,1
40,4,7,4.1,3,0,1
116,2,18,16.8,1,0,1
67,2,27,5.8,4,1,0
146,2,26,2.3,2,0,1
134,4,3,2.4,1,0,0
82,1,14,3.9,11,1,0
99,1,34,4.4,0,0,1
77,2,0,2.8,9,1,1
117,5,2,4.1,1,0,1
158,1,23,0.1,5,1,1
80,4,26,2.2,7,1,0
140,3,33,1.3,12,1,0
98,3,28,0.6,2,0,1
88,3,23,0.4,10,1,1
115,5,23,3.7,14,1,0
78,2,3,3.0,8,1,0
97,4,2,1.2,14,1,1
72,5,33,2.5,11,1,1
198,4,22,2.7,8,1,1
121,4,22,0.9,1,0,0
92,2,4,4.2,7,1,1
128,3,30,6.1,9,1,1
115,2,5,6.3,10,1,0
111,5,9,3.7,11,1,0
144,5,6,2.9,4,1,0
150,5,20,0.3,3,0,1
98,2,19,1.4,9,1,1
96,4,2,0.4,4,1,0
108,4,21,13.3,3,0,1
40,1,3,0.6,7,1,1
59,5,27,0.7,3,0,1
174,4,11,8.8,12,1,1
185,1,4,11.5,9,1,1
110,4,12,5.8,11,1,0
143,5,22,0.0,12,1,0
132,3,29,0.0,13,1,0
243,5,24,1.9,5,1,1
164,2,26,0.6,1,0,1
114,4,13,0.1,4,1,1
81,4,15,2.5,5,1,0
55,2,21,11.5,4,1,1
128,2,20,1.6,11,1,0
89,3,20,4.3,1,0,0
63,4,7,4.2,13,1,1
94,4,15,1.2,6,1,1
76,3,30,4.2,3,0,0
187,1,9,1.0,7,1,0
155,3,31,0.5,6,1,1
119,5,33,4.8,6,1,1
179,4,8,0.5,8,1,0
123,2,16,23.1,0,0,1
85,5,10,0.8,9,1,1
180,4,31,3.6,5,1,1
141,3,9,2.1,5,1,1
78,5,21,0.5,5,1,1
112,4,16,0.1,12,1,1
84,1,3,3.9,11,1,1
64,1,24,6.6,5,1,1
157,2,20,7.4,11,1,0
196,4,0,2.6,9,1,0
64,1,24,6.0,6,1,0
142,3,16,4.5,13,1,0
93,4,23,5.2,9,1,1
100,3,1,2.7,5,1,1
96,3,14,4.0,0,0,0
85,1,31,6.5,2,0,1
121,4,5,2.0,1,0,1
86,5,0,6.6,5,1,0
130,1,22,3.6,7,1,1
117,1,16,0.7,2,0,1
110,4,33,0.1,9,1,0
83,4,28,1.8,7,1,0
96,3,8,3.2,7,1,1
150,4,12,7.3,4,1,0
140,3,5,0.5,7,1,0
80,1,5,6.4,5,1,0
123,2,19,8.0,4,1,1
150,5,2,0.7,8,1,1
53,1,16,7.6,13,1,0
141,4,11,19.0,6,1,0
93,5,0,5.2,7,1,0
142,2,16,6.1,0,0,1
89,2,2,20.8,10,1,1
47,3,25,3.7,1,0,0
54,5,14,1.5,7,1,1
121,3,31,7.3,11,1,1
130,1,31,3.8,8,1,1
83,5,3,3.5,3,0,1
145,1,17,1.2,11,1,0
53,3,18,5.6,9,1,0
117,5,34,0.3,10,1,1
71,3,13,10.3,9,1,1
93,5,32,1.6,13,1,0
121,3,13,0.5,8,1,1
85,2,33,2.3,3,0,1
104,3,3,0.2,9,1,0
160,2,23,4.6,9,1,1
96,3,28,9.3,9,1,0
153,5,18,7.3,8,1,1
74,5,5,0.5,10,1,1
141,5,32,0.5,6,1,1
177,4,18,6.7,1,0,0
40,1,0,10.3,8,1,1
88,5,4,2.5,3,0,1
143,2,26,2.8,7,1,0
111,5,15,1.5,13,1,1
134,4,5,9.0,6,1,1
95,2,12,4.1,12,1,1
123,4,34,1.4,14,1,0
113,2,18,1.4,6,1,1
166,3,11,8.9,7,1,1
130,1,15,0.1,0,0,1
133,1,9,1.6,4,1,1
103,4,24,3.2,1,0,0
100,1,19,0.6,1,0,0
102,4,30,0.4,14,1,0
135,4,3,6.8,0,0,0
103,4,22,9.0,4,1,0
131,1,1,6.9,1,0,1
203,4,21,9.2,3,0,0
154,1,7,3.2,2,0,1
106,4,6,6.7,2,0,1
168,5,13,1.9,1,0,0
103,4,2,4.4,12,1,1
40,2,15,18.0,5,1,0
79,4,18,1.0,1,0,1
45,3,17,2.0,13,1,0
105,4,15,2.6,13,1,1
120,2,7,0.6,7,1,0
187,2,32,0.3,7,1,0
133,1,11,7.1,12,1,1
111,5,10,15.1,13,1,1
153,4,4,2.1,11,1,1
40,1,26,0.4,4,1,1
129,5,11,0.3,9,1,0
150,4,16,8.9,6,1,0
60,3,5,2.5,3,0,1
165,4,32,1.5,0,0,0
133,2,4,2.6,10,1,0
103,2,27,1.5,1,0,1
145,3,13,2.7,9,1,0
210,1,4,7.9,9,1,0
127,5,32,3.6,3,0,1
129,4,18,4.7,0,0,1
101,2,21,1.8,14,1,1
86,1,4,5.4,12,1,0
153,3,1,4.4,7,1,0
85,2,29,0.5,8,1,0
122,3,3,3.4,3,0,1
100,4,32,1.2,9,1,1
139,5,12,6.5,2,0,1
133,2,19,2.2,1,0,1
161,2,6,20.9,4,1,0
99,4,14,0.4,13,1,0
109,1,22,6.1,2,0,0
80,5,13,4.5,9,1,0
102,2,22,5.8,6,1,1
135,5,18,1.5,10,1,1
150,2,28,2.7,5,1,1
83,5,19,6.4,0,0,0
154,3,28,1.1,11,1,0
174,2,23,1.0,7,1,1
136,5,17,3.2,1,0,1
195,1,9,3.0,4,1,1
89,3,7,1.3,8,1,1
70,3,25,1.4,7,1,1
48,1,28,1.3,1,0,1
179,5,9,5.9,8,1,1
146,4,16,4.2,4,1,0
117,1,1,7.1,9,1,1
131,5,5,14.8,13,1,1
74,1,4,2.6,5,1,1
217,1,27,0.3,12,1,1
125,2,4,0.2,2,0,1
124,5,17,1.4,12,1,1
149,4,25,10.8,2,0,1
139,2,19,3.0,9,1,1
128,1,26,1.3,7,1,0
88,1,11,2.0,10,1,1
138,1,6,3.7,9,1,0
195,5,2,4.2,9,1,1
173,5,9,0.7,14,1,1
183,2,33,15.1,11,1,1
99,4,24,3.1,1,0,1
80,2,34,0.6,10,1,0
114,3,15,9.0,11,1,0
122,1,1,0.3,11,1,0
163,1,23,9.5,1,0,0
52,1,9,22.7,12,1,0
181,2,21,4.8,4,1,1
113,2,25,5.9,5,1,1
102,1,26,1.6,11,1,0
79,2,28,11.4,1,0,0
53,5,19,3.0,14,1,1
152,5,26,5.3,4,1,0
122,2,19,10.3,6,1,1
68,1,18,14.8,9,1,1
68,2,19,7.2,9,1,1
106,2,34,1.4,7,1,0
186,2,1,13.6,11,1,0
109,3,29,4.0,6,1,1
59,5,33,10.7,7,1,1
110,4,21,4.5,13,1,1
109,4,2,1.5,11,1,0
40,3,5,1.8,8,1,1
117,2,14,3.2,14,1,1
110,3,26,6.2,4,1,1
147,3,9,1.5,12,1,1
193,1,8,3.5,4,1,1
165,5,32,1.7,10,1,0
109,4,31,6.8,9,1,1
75,2,5,2.5,3,0,0
222,4,1,0.3,12,1,1
122,4,28,0.7,8,1,1
120,5,3,0.3,4,1,1
119,4,0,2.8,13,1,0
127,4,18,0.4,1,0,0
114,3,25,0.5,14,1,0
97,5,24,11.3,9,1,1
98,1,9,8.2,7,1,1
118,2,14,2.4,14,1,0
98,4,21,17.0,6,1,0
91,2,20,0.0,7,1,1
124,1,21,3.8,11,1,0
109,2,33,3.8,2,0,1
180,1,29,2.4,14,1,1
40,3,24,2.0,14,1,1
163,4,27,2.4,3,0,1
169,1,0,2.1,4,1,1
40,2,3,5.2,5,1,1
106,4,6,0.6,0,0,1
105,3,8,0.9,3,0,1
63,4,18,0.8,10,1,1
88,1,0,1.2,11,1,0
75,3,9,3.0,9,1,1
190,2,8,0.5,12,1,1
157,3,31,8.1,4,1,1
170,3,31,1.4,6,1,0
148,5,5,0.7,12,1,1
74,3,16,4.5,4,1,1
99,3,9,0.2,12,1,1
139,4,26,3.9,12,1,0
71,2,34,4.8,0,0,1
148,4,20,1.0,10,1,1
110,4,24,0.2,6,1,1
105,1,27,1.8,7,1,1
148,4,14,0.4,12,1,0
137,5,3,0.5,6,1,0
105,5,28,1.2,10,1,0
166,1,8,1.4,13,1,0
76,2,26,3.0,12,1,1
144,2,25,4.5,14,1,1
143,4,18,3.6,3,0,0
107,4,27,0.6,7,1,1
133,4,16,0.8,14,1,0
69,2,19,8.4,4,1,1
156,3,22,3.3,9,1,1
112,5,31,8.2,8,1,0
99,3,32,1.9,11,1,0
161,3,4,3.8,11,1,0
91,2,33,3.0,9,1,1
63,3,10,1.5,4,1,0
57,1,2,2.5,0,0,1
144,4,32,2.8,11,1,1
68,1,10,0.9,8,1,0
190,5,15,1.5,11,1,0
40,4,17,6.3,4,1,1
187,3,29,9.9,5,1,0
128,5,9,1.8,3,0,1
116,4,17,1.5,5,1,1
98,3,18,0.9,11,1,1
135,1,12,4.5,7,1,0
118,4,2,1.6,2,0,1
164,3,9,17.6,4,1,0
124,1,0,1.6,1,0,1
126,5,26,2.0,13,1,0
105,5,7,3.7,1,0,1
117,5,16,6.5,12,1,0
132,5,8,2.5,6,1,1
51,2,5,2.2,9,1,0
66,4,24,21.7,12,1,0
149,4,27,0.0,9,1,0
126,2,32,9.0,13,1,1
112,3,8,0.6,10,1,0
120,3,17,6.2,9,1,1
133,5,20,3.8,5,1,0
98,1,1,1.7,3,0,0
88,3,14,8.3,4,1,1
127,1,27,0.1,0,0,1
80,4,17,1.0,6,1,1
136,1,33,3.3,7,1,1
51,4,21,1.7,8,1,0
161,2,10,3.8,7,1,1
138,2,12,0.1,4,1,1
130,5,3,0.5,2,0,1
159,3,21,0.5,9,1,1
186,5,6,0.8,10,1,1
160,4,23,2.5,8,1,0
46,5,3,5.6,14,1,1
68,1,27,9.4,5,1,0
95,4,14,7.2,14,1,1
121,2,0,0.9,4,1,1
140,3,2,2.3,12,1,0
90,4,13,0.9,2,0,1
127,4,0,1.2,5,1,1
89,1,20,2.8,2,0,1
95,3,28,0.3,9,1,1
63,2,4,1.0,11,1,1
83,4,9,11.0,5,1,1
65,4,27,2.5,3,0,1
80,1,20,2.4,14,1,1
162,5,6,0.1,1,0,1
82,2,2,1.1,7,1,1
225,3,19,8.0,3,0,1
139,4,18,0.7,8,1,1
127,4,34,2.1,6,1,0
85,2,3,0.1,11,1,1
148,5,4,2.6,1,0,0
96,4,0,0.1,3,0,1
124,2,3,6.9,4,1,0
222,1,11,7.0,2,0,1
116,5,26,6.2,8,1,0
165,3,22,1.3,12,1,0
91,4,24,7.3,4,1,1
118,2,20,3.1,1,0,0
190,1,23,1.9,10,1,1
94,3,24,3.9,2,0,1
192,2,31,0.0,13,1,0
148,2,31,0.6,14,1,0
97,3,4,5.4,8,1,1
145,1,15,1.1,6,1,1
158,1,32,3.6,1,0,0
144,5,20,1.9,8,1,0
57,4,8,7.7,13,1,0
90,3,5,12.2,3,0,0
110,3,34,8.6,12,1,1
117,3,21,1.3,8,1,0
144,1,4,0.9,14,1,1
127,4,22,2.6,12,1,1
66,5,16,0.0,1,0,1
135,2,11,0.1,14,1,1
144,2,22,3.2,11,1,1
142,3,15,2.9,9,1,0
163,4,2,20.9,11,1,1
153,1,29,0.9,3,0,1
138,4,21,1.2,4,1,0
117,4,8,0.5,1,0,1
53,1,28,10.0,9,1,1
137,3,22,6.0,0,0,1
128,4,12,6.9,6,1,0
130,2,31,9.3,9,1,1
68,1,22,3.0,0,0,1
76,5,16,2.4,10,1,1
162,3,20,1.6,10,1,1
118,1,1,3.6,7,1,1
147,5,5,2.4,2,0,1
121,5,17,2.4,13,1,1
121,4,29,11.1,9,1,0
157,4,21,16.5,5,1,1
99,4,32,6.4,6,1,1
123,1,29,5.7,9,1,1
101,1,16,4.6,0,0,1
102,3,31,0.7,13,1,0
107,4,13,0.2,5,1,1
128,5,9,4.7,6,1,1
100,2,33,5.2,5,1,0
170,3,8,0.2,3,0,1
84,1,27,10.5,0,0,1
112,3,10,0.4,10,1,1
102,3,13,1.3,8,1,1
177,3,18,4.5,3,0,1
127,3,14,0.7,6,1,1
161,2,27,0.2,6,1,1
60,4,23,1.6,1,0,0
130,5,7,5.8,0,0,1
155,3,8,2.1,7,1,1
123,3,32,4.2,7,1,1
162,3,32,3.5,6,1,1
99,4,18,0.1,13,1,1
176,1,2,17.9,14,1,0
211,1,9,0.2,14,1,0
105,2,0,13.7,14,1,0
102,1,28,3.2,14,1,0
178,3,33,13.2,7,1,1
183,3,12,0.5,2,0,1
99,3,0,2.7,10,1,1
103,2,33,0.7,1,0,1
108,3,28,0.2,6,1,0
66,1,12,3.8,7,1,1
83,4,28,0.9,0,0,0
79,4,23,3.5,11,1,1
89,5,25,0.5,9,1,0
118,1,16,1.6,8,1,0
129,3,6,6.1,14,1,0
182,4,12,2.3,12,1,0
80,1,4,4.0,14,1,1
159,4,25,4.2,10,1,0
111,3,2,7.4,3,0,0
118,4,6,1.6,13,1,0
146,5,0,4.6,11,1,0
75,5,16,13.0,13,1,0
135,4,24,5.2,3,0,0
126,1,2,2.7,2,0,1
139,1,14,4.0,5,1,0
131,1,28,5.4,0,0,1
218,4,31,3.8,5,1,1
94,1,25,0.1,1,0,1
98,3,15,0.9,8,1,1
95,5,24,6.7,1,0,1
97,3,27,1.3,6,1,1
94,1,8,5.3,11,1,1
167,3,0,1.9,0,0,1
176,1,28,3.0,11,1,1
97,4,21,0.3,6,1,0
86,3,15,0.8,4,1,0
138,4,6,12.6,7,1,0
97,4,13,8.8,3,0,0
145,2,28,4.2,14,1,0
128,1,18,2.5,11,1,1
59,5,18,4.5,14,1,0
181,1,1,3.9,9,1,0
191,5,14,3.4,6,1,1
95,1,2,0.2,5,1,1
104,4,10,4.0,4,1,0
131,3,29,5.9,3,0,1
133,3,17,20.5,14,1,0
146,2,1,0.0,6,1,1
200,5,31,5.2,11,1,1
112,5,7,3.4,4,1,1
88,5,21,2.3,4,1,1
64,4,5,0.5,14,1,1
90,5,11,2.1,0,0,0
118,3,14,1.8,1,0,0
191,4,27,1.4,4,1,0
99,1,17,5.3,12,1,1
128,5,1,4.8,2,0,0
119,5,12,3.6,13,1,1
167,1,14,11.2,12,1,1
221,5,19,1.7,1,0,1
98,1,28,1.1,13,1,1
100,4,28,4.3,13,1,1
161,3,2,0.9,3,0,1
147,1,18,1.5,3,0,0
193,2,2,1.0,3,0,0
143,1,13,0.3,3,0,1
105,5,3,7.0,2,0,1
143,4,10,1.2,12,1,1
164,4,30,2.6,11,1,1
152,1,31,0.2,6,1,0
140,3,26,4.8,8,1,1
162,2,29,1.6,11,1,0
166,4,1,5.5,4,1,0
175,5,8,2.1,3,0,1
145,5,27,0.9,10,1,0
113,3,30,2.9,1,0,1
125,4,33,0.6,1,0,1
168,1,14,2.3,4,1,1
87,5,24,1.5,6,1,1
134,3,7,9.7,9,1,1
104,4,8,0.3,9,1,1
121,4,31,4.7,8,1,0
171,4,16,0.8,12,1,0
127,4,34,1.5,6,1,0
121,4,18,2.1,4,1,1
65,5,28,9.5,9,1,0
149,3,6,1.1,9,1,0
145,4,27,0.4,9,1,0
206,2,8,1.5,5,1,0
107,2,27,0.4,10,1,0
128,3,5,0.6,11,1,1
129,1,28,3.4,2,0,0
183,1,16,0.3,4,1,1
116,1,15,0.1,7,1,0
131,2,22,5.0,0,0,1
144,1,30,1.8,11,1,1
127,5,2,0.5,0,0,1
102,4,20,1.2,6,1,0
127,2,25,4.1,13,1,1
162,3,21,1.3,4,1,1
78,3,11,2.7,13,1,0
125,4,12,0.5,4,1,0
91,2,10,3.5,0,0,1
167,1,15,1.5,8,1,1
59,1,7,3.9,0,0,0
97,5,1,6.6,4,1,0
135,5,29,3.8,9,1,1
182,1,29,1.4,8,1,0
117,3,11,1.2,13,1,1
97,3,9,1.6,14,1,0
195,5,10,0.7,3,0,0
62,4,14,0.8,12,1,1
40,1,15,6.3,7,1,1
137,5,16,1.9,5,1,0
99,5,25,2.3,10,1,0
79,1,1,3.6,14,1,1
148,1,11,3.6,2,0,0
129,3,25,0.3,3,0,0
97,4,22,7.1,1,0,1
68,4,17,0.8,0,0,0
154,1,31,5.1,12,1,1
146,2,2,5.9,13,1,0
116,5,2,5.0,7,1,1
193,5,29,3.5,0,0,1
77,1,0,0.1,13,1,1
58,2,29,1.8,12,1,0
92,3,31,3.7,10,1,0
118,1,27,2.0,0,0,0
129,1,20,8.0,3,0,0
110,5,12,1.5,9,1,1
134,1,26,1.4,11,1,0
69,1,6,1.2,9,1,1
177,1,21,1.6,14,1,0
116,5,9,3.3,5,1,1
164,3,14,4.9,8,1,0
133,3,14,4.3,0,0,0
138,1,3,6.6,6,1,0
142,5,31,8.7,9,1,1
137,3,22,6.8,10,1,1
145,3,5,0.1,4,1,1
173,3,23,5.3,11,1,0
127,5,19,0.9,14,1,1
148,5,19,0.6,7,1,0
116,1,11,4.1,13,1,1
177,4,32,1.5,6,1,1
92,3,27,0.2,3,0,0
192,4,7,0.6,3,0,1
118,5,0,0.0,5,1,0
62,5,21,9.3,5,1,0
125,5,5,0.1,8,1,1
92,4,20,0.9,11,1,1
153,5,31,2.2,4,1,1
93,1,34,1.8,7,1,1
102,5,14,9.7,4,1,0
44,2,4,0.2,1,0,1
101,4,5,2.9,14,1,1
40,2,24,4.6,5,1,1
56,5,28,10.7,8,1,1
150,1,6,3.9,12,1,1
151,3,12,6.5,2,0,0
137,5,17,0.3,0,0,0
81,1,1,2.0,0,0,0
118,4,7,1.9,12,1,0
119,2,10,8.7,2,0,1
73,2,32,0.7,9,1,0
180,2,26,0.7,4,1,1
155,4,19,1.6,2,0,1
111,1,11,0.2,8,1,1
121,4,30,0.8,7,1,1
128,2,26,13.4,2,0,0
40,5,31,2.2,8,1,1
110,3,9,4.0,14,1,0
92,4,2,5.2,12,1,1
79,4,26,1.8,5,1,1
108,1,34,0.6,12,1,0
191,1,30,0.9,6,1,1
145,4,14,1.5,3,0,1
97,2,15,4.0,3,0,1
142,3,12,2.0,11,1,0
175,1,34,0.0,12,1,0
156,2,10,3.0,1,0,1
122,5,20,10.2,4,1,0
94,1,10,6.7,7,1,0
147,2,29,7.0,6,1,0
135,2,34,6.3,6,1,0
155,3,21,1.6,5,1,1
145,3,30,5.8,2,0,0
161,5,13,0.6,4,1,1
98,2,23,4.3,12,1,1
172,2,31,4.1,0,0,0
127,3,31,0.1,6,1,0
203,1,14,6.2,8,1,1
92,1,34,9.3,0,0,1
189,4,2,1.2,12,1,0
127,3,15,6.7,1,0,1
93,4,4,0.3,2,0,1
100,3,20,3.7,2,0,1
107,5,9,2.7,7,1,1
136,2,18,3.2,6,1,0
140,5,24,10.4,5,1,1
97,3,3,8.2,14,1,0
119,2,28,6.2,9,1,1
205,1,18,1.3,9,1,0
189,1,1,9.7,10,1,0
137,4,9,0.4,3,0,0
121,3,24,7.7,8,1,0
124,3,19,1.6,0,0,0
144,1,18,0.2,10,1,1
79,5,22,4.4,14,1,0
109,2,23,1.1,1,0,0
53,5,10,1.1,14,1,1
135,5,33,1.5,13,1,1
145,1,27,0.3,3,0,0
100,1,4,0.8,2,0,0
182,1,4,0.0,0,0,1
70,4,20,2.4,4,1,1
61,5,11,0.4,6,1,0
128,3,3,4.6,1,0,1
161,2,19,1.1,4,1,0
187,4,24,11.5,5,1,0
101,3,13,8.2,10,1,0
163,5,10,1.4,6,1,1
118,1,31,6.1,0,0,0
113,5,10,6.5,6,1,0
155,2,17,17.2,3,0,0
146,4,26,3.6,7,1,1
56,4,17,0.3,12,1,1
179,2,22,4.2,3,0,0
175,3,10,3.9,5,1,1
94,3,20,4.1,8,1,1
135,4,4,1.5,4,1,1
139,4,22,7.9,13,1,0
130,1,24,12.8,11,1,1
97,3,9,1.0,3,0,1
93,2,21,0.4,7,1,1
118,3,18,0.9,12,1,0
166,1,0,6.9,8,1,1
141,4,6,4.5,3,0,1
105,4,3,4.0,2,0,1
150,1,0,2.1,7,1,0
40,2,14,3.4,13,1,1
165,4,11,1.5,4,1,1
50,5,21,2.6,1,0,1
105,4,21,6.3,9,1,0
75,5,16,15.9,8,1,0
68,1,28,10.8,2,0,0
166,1,13,10.9,11,1,0
101,4,19,2.1,1,0,1
133,3,32,2.5,0,0,0
118,5,14,4.9,13,1,1
139,2,11,10.2,7,1,1
123,4,19,0.6,10,1,1
68,2,29,1.5,2,0,1
159,4,2,0.6,6,1,0
100,3,27,3.8,0,0,1
57,3,25,1.5,0,0,0
102,3,29,1.6,14,1,1
180,3,12,0.3,11,1,1
154,1,12,1.7,8,1,0
106,1,1,7.9,14,1,0
106,5,1,1.1,11,1,0
107,2,25,4.8,7,1,1
203,4,10,4.0,11,1,1
135,4,7,8.0,12,1,0
137,1,21,0.6,2,0,0
161,4,19,15.2,5,1,1
129,1,7,3.5,10,1,0
109,5,28,21.6,2,0,0
112,2,25,9.7,12,1,0
117,5,29,1.0,11,1,0
118,3,16,0.2,3,0,0
149,3,19,1.2,0,0,1
122,3,15,3.0,4,1,1
149,5,6,0.8,0,0,0
116,4,15,0.7,12,1,1
123,2,26,2.5,0,0,1
40,3,22,0.1,9,1,1
156,3,23,0.5,14,1,1
133,3,8,2.2,10,1,0
159,2,34,0.3,10,1,0
40,3,19,2.0,13,1,1
203,2,16,2.6,6,1,1
114,3,30,2.4,11,1,0
164,5,7,8.1,5,1,0
78,5,14,3.0,1,0,0
144,2,30,2.5,13,1,1
77,5,29,2.1,10,1,1
95,2,19,6.8,11,1,1
196,5,11,9.0,1,0,0
112,5,16,7.7,10,1,0
128,2,29,4.5,6,1,0
154,4,28,0.6,0,0,1
139,5,18,1.3,12,1,0
126,3,10,0.2,1,0,0
134,4,33,10.7,11,1,1
216,2,6,4.3,7,1,1
117,4,33,5.5,5,1,1
128,1,19,1.5,14,1,1
162,1,23,7.5,13,1,1
164,5,9,1.2,1,0,1
167,5,31,0.0,6,1,1
145,3,14,1.9,3,0,1
74,4,19,3.4,1,0,1
185,1,2,2.6,11,1,0
74,5,7,7.9,5,1,1
132,4,22,0.4,10,1,0
89,5,10,3.2,14,1,1
117,5,7,2.9,8,1,0
133,1,28,1.3,10,1,1
132,1,29,6.9,8,1,0
136,5,9,5.6,13,1,1
184,2,27,5.3,7,1,0
138,5,12,8.4,14,1,1
110,5,31,5.1,2,0,0
158,3,25,1.1,2,0,1
167,3,21,4.9,1,0,1
70,3,3,1.5,4,1,1
143,2,30,1.1,13,1,0
148,2,17,0.3,11,1,0
108,5,23,5.5,13,1,0
175,3,22,5.0,3,0,1
113,2,21,1.1,6,1,1
125,1,1,5.5,3,0,0
113,5,30,10.0,8,1,1
120,4,10,0.5,11,1,0
76,5,27,1.1,11,1,0
62,4,31,5.5,1,0,0
183,3,4,1.3,10,1,1
86,4,9,3.9,13,1,1
80,3,23,0.3,5,1,1
40,1,34,2.4,14,1,0
94,4,22,5.4,6,1,1
67,5,16,4.6,3,0,1
185,3,0,6.8,12,1,1
160,5,30,8.4,5,1,1
92,2,30,5.9,6,1,0
210,3,33,4.5,3,0,0
159,4,8,0.1,14,1,1
107,3,21,3.1,7,1,1
40,5,12,0.2,8,1,0
211,1,24,6.6,0,0,1
64,3,17,1.5,6,1,0
54,4,11,3.3,8,1,0
160,2,16,1.3,14,1,1
217,1,14,6.1,11,1,1
175,2,14,8.7,9,1,0
142,3,14,2.0,4,1,1
143,5,12,7.9,11,1,1
154,5,16,1.2,1,0,1
150,4,31,3.1,9,1,1
131,5,8,7.8,5,1,0
124,1,19,1.6,11,1,0
117,5,25,12.3,11,1,0
89,4,26,0.5,6,1,1
108,3,20,0.1,1,0,1
52,3,17,9.4,1,0,0
116,5,12,0.3,9,1,1
80,2,15,19.3,14,1,0
75,3,8,12.1,13,1,1
127,5,11,0.6,11,1,0
175,4,18,3.1,9,1,1
156,5,6,0.8,0,0,1
57,3,34,2.2,3,0,1
80,4,17,0.3,6,1,1
157,5,15,1.0,13,1,1
80,1,3,1.8,8,1,0
111,4,24,2.3,14,1,0
142,1,31,15.2,2,0,0
81,2,12,6.6,11,1,0
124,4,16,5.3,10,1,1
66,1,5,3.1,6,1,1
95,3,18,7.3,6,1,1
132,3,12,1.7,6,1,0
56,2,25,4.9,1,0,1
137,4,13,20.3,5,1,0
119,4,30,1.5,1,0,1
142,4,3,4.5,5,1,0
128,2,7,7.4,12,1,0
174,4,24,9.9,9,1,1
